{
  "name": "[VOTRE_BOUTIQUE_SLUG]",
  "version": "1.0.0",
  "description": "[VOTRE_BOUTIQUE] - [VOTRE_DESCRIPTION]",
  "private": true,
  "keywords": [
    "ecommerce",
    "boutique",
    "nextjs",
    "mongodb",
    "cloudinary",
    "vercel"
  ],
  "author": {
    "name": "[VOTRE_NOM]",
    "email": "[VOTRE_EMAIL]"
  },
  "repository": {
    "type": "git",
    "url": "https://github.com/[VOTRE_USERNAME]/[VOTRE_REPO].git"
  },
  "scripts": {
    "dev": "next dev",
    "build": "next build",
    "start": "next start",
    "lint": "next lint",
    "setup-new-shop": "node DUPLICATION_PACKAGE/setup-new-shop.js",
    "validate-setup": "node DUPLICATION_PACKAGE/scripts/validate-setup.js",
    "cleanup": "node DUPLICATION_PACKAGE/scripts/cleanup.js",
    "reset-config": "node DUPLICATION_PACKAGE/scripts/reset-config.js"
  },
  "dependencies": {
    "cloudinary": "^2.7.0",
    "mongodb": "^6.18.0",
    "mongoose": "^8.16.4",
    "multer": "^2.0.2",
    "next": "14.2.30",
    "react": "^18",
    "react-dom": "^18",
    "sharp": "^0.34.3"
  },
  "devDependencies": {
    "@types/node": "^20",
    "@types/react": "^18",
    "@types/react-dom": "^18",
    "autoprefixer": "^10",
    "eslint": "^8",
    "eslint-config-next": "14.2.30",
    "postcss": "^8",
    "tailwindcss": "^3",
    "typescript": "^5"
  },
  "engines": {
    "node": ">=18.0.0",
    "npm": ">=8.0.0"
  },
  "license": "MIT"
}